{"type":2300,"data":{"_key":"452296","_id":"map/452296","_from":"property/69123:1","_to":"property/69123:2","_rev":"_YIAVn1i--d","distance":3.335847798815431e-4}}
{"type":2300,"data":{"_key":"452278","_id":"map/452278","_from":"property/hospital:2","_to":"property/69123:15","_rev":"_YIAVn1e--Z","distance":0.22238985328938923}}
{"type":2300,"data":{"_key":"452234","_id":"map/452234","_from":"property/main_station","_to":"property/police_station:1","_rev":"_YIAVn1W--_","distance":0.4949279191145512}}
{"type":2300,"data":{"_key":"452297","_id":"map/452297","_from":"property/69123:1","_to":"property/69123:3","_rev":"_YIAVn1i--f","distance":3.604656579993115}}
{"type":2300,"data":{"_key":"452279","_id":"map/452279","_from":"property/hospital:2","_to":"property/69123:14","_rev":"_YIAVn1e--b","distance":0.31079482084964377}}
{"type":2300,"data":{"_key":"452235","_id":"map/452235","_from":"property/main_station","_to":"property/69123:4","_rev":"_YIAVn1W--B","distance":0.5306529076938057}}
{"type":2300,"data":{"_key":"452294","_id":"map/452294","_from":"property/police_station:2","_to":"property/super_market:4","_rev":"_YIAVn1i--Z","distance":0.4415915414721308}}
{"type":2300,"data":{"_key":"452236","_id":"map/452236","_from":"property/69123:3","_to":"property/police_station:2","_rev":"_YIAVn1W--D","distance":0.5530250857225899}}
{"type":2300,"data":{"_key":"452237","_id":"map/452237","_from":"property/69123:3","_to":"property/69123:6","_rev":"_YIAVn1W--F","distance":0.7272123482966897}}
{"type":2300,"data":{"_key":"452295","_id":"map/452295","_from":"property/police_station:2","_to":"property/tram_station:1","_rev":"_YIAVn1i--b","distance":0.45062385839551977}}
{"type":2300,"data":{"_key":"452241","_id":"map/452241","_from":"property/69123:5","_to":"property/bus_stop:1","_rev":"_YIAVn1W--N","distance":0.26531520163813066}}
{"type":2300,"data":{"_key":"452238","_id":"map/452238","_from":"property/69123:4","_to":"property/69123:5","_rev":"_YIAVn1W--H","distance":0.44477970657877847}}
{"type":2300,"data":{"_key":"452274","_id":"map/452274","_from":"property/super_market:2","_to":"property/tourist_spot:2","_rev":"_YIAVn1e--R","distance":0.3979836528335361}}
{"type":2300,"data":{"_key":"452240","_id":"map/452240","_from":"property/69123:5","_to":"property/hospital:1","_rev":"_YIAVn1W--L","distance":0.14469195679441288}}
{"type":2300,"data":{"_key":"452239","_id":"map/452239","_from":"property/69123:4","_to":"property/hospital:1","_rev":"_YIAVn1W--J","distance":0.4677247648641599}}
{"type":2300,"data":{"_key":"452275","_id":"map/452275","_from":"property/super_market:2","_to":"property/69123:7","_rev":"_YIAVn1e--T","distance":0.5559746332230782}}
{"type":2300,"data":{"_key":"452242","_id":"map/452242","_from":"property/69123:6","_to":"property/tram_station:1","_rev":"_YIAVn1W--P","distance":0.14468311390027075}}
{"type":2300,"data":{"_key":"452243","_id":"map/452243","_from":"property/69123:6","_to":"property/bus_stop:1","_rev":"_YIAVn1W--R","distance":0.18247723594862222}}
{"type":2300,"data":{"_key":"452244","_id":"map/452244","_from":"property/69123:7","_to":"property/69123:11","_rev":"_YIAVn1W--T","distance":0.1111949266442996}}
{"type":2300,"data":{"_key":"452245","_id":"map/452245","_from":"property/69123:7","_to":"property/69123:10","_rev":"_YIAVn1W--V","distance":0.3100091211179605}}
{"type":2300,"data":{"_key":"452246","_id":"map/452246","_from":"property/69123:8","_to":"property/super_market:4","_rev":"_YIAVn1W--X","distance":0.3099871089475906}}
{"type":2300,"data":{"_key":"452247","_id":"map/452247","_from":"property/69123:8","_to":"property/hospital:3","_rev":"_YIAVn1a---","distance":0.3107268850859407}}
{"type":2300,"data":{"_key":"452248","_id":"map/452248","_from":"property/69123:9","_to":"property/hospital:3","_rev":"_YIAVn1a--A","distance":0.3107207087724031}}
{"type":2300,"data":{"_key":"452249","_id":"map/452249","_from":"property/69123:9","_to":"property/69123:8","_rev":"_YIAVn1a--C","distance":0.44477970657877847}}
{"type":2300,"data":{"_key":"452250","_id":"map/452250","_from":"property/69123:10","_to":"property/bus_stop:3","_rev":"_YIAVn1a--E","distance":0.13265719895955244}}
{"type":2300,"data":{"_key":"452251","_id":"map/452251","_from":"property/69123:10","_to":"property/69123:11","_rev":"_YIAVn1a--G","distance":0.2893780183889235}}
{"type":2300,"data":{"_key":"452252","_id":"map/452252","_from":"property/69123:11","_to":"property/69123:7","_rev":"_YIAVn1a--I","distance":0.1111949266442996}}
{"type":2300,"data":{"_key":"452253","_id":"map/452253","_from":"property/69123:11","_to":"property/bus_stop:3","_rev":"_YIAVn1a--K","distance":0.24385835689030289}}
{"type":2300,"data":{"_key":"452254","_id":"map/452254","_from":"property/69123:12","_to":"property/69123:11","_rev":"_YIAVn1a--M","distance":0.2893780183889235}}
{"type":2300,"data":{"_key":"452255","_id":"map/452255","_from":"property/69123:12","_to":"property/69123:7","_rev":"_YIAVn1a--O","distance":0.3100091211179605}}
{"type":2300,"data":{"_key":"452256","_id":"map/452256","_from":"property/69123:13","_to":"property/69123:14","_rev":"_YIAVn1a--Q","distance":0.2171130885436444}}
{"type":2300,"data":{"_key":"452257","_id":"map/452257","_from":"property/69123:13","_to":"property/69123:15","_rev":"_YIAVn1a--S","distance":0.4342261770013886}}
{"type":2300,"data":{"_key":"452258","_id":"map/452258","_from":"property/69123:14","_to":"property/69123:15","_rev":"_YIAVn1a--U","distance":0.21711308854351583}}
{"type":2300,"data":{"_key":"452259","_id":"map/452259","_from":"property/69123:14","_to":"property/69123:13","_rev":"_YIAVn1a--W","distance":0.2171130885436444}}
{"type":2300,"data":{"_key":"452260","_id":"map/452260","_from":"property/69123:15","_to":"property/69123:14","_rev":"_YIAVn1a--Y","distance":0.21711308854351583}}
{"type":2300,"data":{"_key":"452261","_id":"map/452261","_from":"property/69123:15","_to":"property/hospital:2","_rev":"_YIAVn1a--a","distance":0.22238985328938923}}
{"type":2300,"data":{"_key":"452262","_id":"map/452262","_from":"property/tram_station:1","_to":"property/69123:6","_rev":"_YIAVn1a--c","distance":0.14468311390027075}}
{"type":2300,"data":{"_key":"452288","_id":"map/452288","_from":"property/super_market:3","_to":"property/tourist_spot:1","_rev":"_YIAVn1i--N","distance":0.24391737774647665}}
{"type":2300,"data":{"_key":"452263","_id":"map/452263","_from":"property/tram_station:1","_to":"property/bus_stop:1","_rev":"_YIAVn1a--e","distance":0.3099981151687714}}
{"type":2300,"data":{"_key":"452289","_id":"map/452289","_from":"property/super_market:3","_to":"property/tram_station:2","_rev":"_YIAVn1i--P","distance":0.43419965506362995}}
{"type":2300,"data":{"_key":"452264","_id":"map/452264","_from":"property/tram_station:2","_to":"property/police_station:1","_rev":"_YIAVn1a--g","distance":0.23386739770604623}}
{"type":2300,"data":{"_key":"452265","_id":"map/452265","_from":"property/tram_station:2","_to":"property/tourist_spot:1","_rev":"_YIAVn1e--_","distance":0.24391737774647665}}
{"type":2300,"data":{"_key":"452266","_id":"map/452266","_from":"property/bus_stop:1","_to":"property/69123:6","_rev":"_YIAVn1e--B","distance":0.18247723594862222}}
{"type":2300,"data":{"_key":"452267","_id":"map/452267","_from":"property/bus_stop:1","_to":"property/69123:5","_rev":"_YIAVn1e--D","distance":0.26531520163813066}}
{"type":2300,"data":{"_key":"452268","_id":"map/452268","_from":"property/bus_stop:2","_to":"property/super_market:1","_rev":"_YIAVn1e--F","distance":0.14473027141830747}}
{"type":2300,"data":{"_key":"452282","_id":"map/452282","_from":"property/tourist_spot:1","_to":"property/tram_station:2","_rev":"_YIAVn1i--B","distance":0.24391737774647665}}
{"type":2300,"data":{"_key":"452269","_id":"map/452269","_from":"property/bus_stop:2","_to":"property/police_station:1","_rev":"_YIAVn1e--H","distance":0.37852274379421763}}
{"type":2300,"data":{"_key":"452283","_id":"map/452283","_from":"property/tourist_spot:1","_to":"property/super_market:3","_rev":"_YIAVn1i--D","distance":0.24391737774647665}}
{"type":2300,"data":{"_key":"452270","_id":"map/452270","_from":"property/bus_stop:3","_to":"property/69123:10","_rev":"_YIAVn1e--J","distance":0.13265719895955244}}
{"type":2300,"data":{"_key":"452271","_id":"map/452271","_from":"property/bus_stop:3","_to":"property/super_market:4","_rev":"_YIAVn1e--L","distance":0.2338601028511961}}
{"type":2300,"data":{"_key":"452272","_id":"map/452272","_from":"property/super_market:1","_to":"property/bus_stop:2","_rev":"_YIAVn1e--N","distance":0.14473027141830747}}
{"type":2300,"data":{"_key":"452273","_id":"map/452273","_from":"property/super_market:1","_to":"property/police_station:1","_rev":"_YIAVn1e--P","distance":0.2439134433184713}}
{"type":2300,"data":{"_key":"452276","_id":"map/452276","_from":"property/hospital:1","_to":"property/69123:5","_rev":"_YIAVn1e--V","distance":0.14469195679441288}}
{"type":2300,"data":{"_key":"452298","_id":"map/452298","_from":"property/69123:2","_to":"property/69123:1","_rev":"_YIAVn1i--h","distance":3.335847798815431e-4}}
{"type":2300,"data":{"_key":"452277","_id":"map/452277","_from":"property/hospital:1","_to":"property/tram_station:1","_rev":"_YIAVn1e--X","distance":0.33358477993368885}}
{"type":2300,"data":{"_key":"452280","_id":"map/452280","_from":"property/hospital:3","_to":"property/69123:9","_rev":"_YIAVn1e--d","distance":0.3107207087724031}}
{"type":2300,"data":{"_key":"452281","_id":"map/452281","_from":"property/hospital:3","_to":"property/69123:8","_rev":"_YIAVn1i--_","distance":0.3107268850859407}}
{"type":2300,"data":{"_key":"452284","_id":"map/452284","_from":"property/tourist_spot:2","_to":"property/69123:7","_rev":"_YIAVn1i--F","distance":0.3107485017441475}}
{"type":2300,"data":{"_key":"452285","_id":"map/452285","_from":"property/tourist_spot:2","_to":"property/69123:10","_rev":"_YIAVn1i--H","distance":0.34133979054630414}}
{"type":2300,"data":{"_key":"452286","_id":"map/452286","_from":"property/police_station:1","_to":"property/tram_station:2","_rev":"_YIAVn1i--J","distance":0.23386739770604623}}
{"type":2300,"data":{"_key":"452287","_id":"map/452287","_from":"property/police_station:1","_to":"property/super_market:1","_rev":"_YIAVn1i--L","distance":0.2439134433184713}}
{"type":2300,"data":{"_key":"452290","_id":"map/452290","_from":"property/super_market:4","_to":"property/bus_stop:3","_rev":"_YIAVn1i--R","distance":0.2338601028511961}}
{"type":2300,"data":{"_key":"452291","_id":"map/452291","_from":"property/super_market:4","_to":"property/69123:8","_rev":"_YIAVn1i--T","distance":0.3099871089475906}}
{"type":2300,"data":{"_key":"452292","_id":"map/452292","_from":"property/tourist_spot:3","_to":"property/super_market:2","_rev":"_YIAVn1i--V","distance":0.5788267760253801}}
{"type":2300,"data":{"_key":"452293","_id":"map/452293","_from":"property/tourist_spot:3","_to":"property/69123:12","_rev":"_YIAVn1i--X","distance":0.7272311149246251}}
{"type":2300,"data":{"_key":"452299","_id":"map/452299","_from":"property/69123:2","_to":"property/69123:3","_rev":"_YIAVn1i--j","distance":3.6049901334064107}}
