{"type":2300,"data":{"_key":"price_range:8","_id":"property_features/price_range:8","_rev":"_YG5lYpa--_","feature":"1501-1700"}}
{"type":2300,"data":{"_key":"room_heater","_id":"property_features/room_heater","_rev":"_YG5W_JK--_","feature":"Room Heating"}}
{"type":2300,"data":{"_key":"parking_space","_id":"property_features/parking_space","_rev":"_YG5W_JK--D","feature":"Parking Space"}}
{"type":2300,"data":{"_key":"size:3.5","_id":"property_features/size:3.5","_rev":"_YG5ZeLG--D","feature":"3.5 BHK"}}
{"type":2300,"data":{"_key":"old","_id":"property_features/old","_rev":"_YG5W_JK--L","feature":"Old Construction"}}
{"type":2300,"data":{"_key":"water_heater","_id":"property_features/water_heater","_rev":"_YG5W_JK--B","feature":"Water Heating"}}
{"type":2300,"data":{"_key":"size:2","_id":"property_features/size:2","_rev":"_YG5ZeLG--_","feature":"2 BHK"}}
{"type":2300,"data":{"_key":"renovated","_id":"property_features/renovated","_rev":"_YG5W_JK--J","feature":"Renovated Property"}}
{"type":2300,"data":{"_key":"size:1","_id":"property_features/size:1","_rev":"_YG5ZeLC--_","feature":"1 BHK"}}
{"type":2300,"data":{"_key":"price_range:9","_id":"property_features/price_range:9","_rev":"_YG5lwAq--_","feature":"1701-1900"}}
{"type":2300,"data":{"_key":"new","_id":"property_features/new","_rev":"_YG5W_JK--N","feature":"Newly Constructed"}}
{"type":2300,"data":{"_key":"price_range:1","_id":"property_features/price_range:1","_rev":"_YG5j0Ie--_","feature":"100-300"}}
{"type":2300,"data":{"_key":"size:3","_id":"property_features/size:3","_rev":"_YG5ZeLG--B","feature":"3 BHK"}}
{"type":2300,"data":{"_key":"sell","_id":"property_features/sell","_rev":"_YG5dqki--_","feature":"sell"}}
{"type":2300,"data":{"_key":"rent","_id":"property_features/rent","_rev":"_YG5eB_2--_","feature":"rent"}}
{"type":2300,"data":{"_key":"price_range:2","_id":"property_features/price_range:2","_rev":"_YG5kC5i--_","feature":"301-500"}}
{"type":2300,"data":{"_key":"price_range:3","_id":"property_features/price_range:3","_rev":"_YG5kNvm--_","feature":"501-700"}}
{"type":2300,"data":{"_key":"price_range:4","_id":"property_features/price_range:4","_rev":"_YG5kYea--_","feature":"701-900"}}
{"type":2300,"data":{"_key":"price_range:5","_id":"property_features/price_range:5","_rev":"_YG5ki4C--_","feature":"901-1100"}}
{"type":2300,"data":{"_key":"price_range:6","_id":"property_features/price_range:6","_rev":"_YG5kuQ6--_","feature":"1101-1300"}}
{"type":2300,"data":{"_key":"price_range:7","_id":"property_features/price_range:7","_rev":"_YG5k54m--_","feature":"1301-1500"}}
