{"indexes":[{"id":"364758","type":"geo","fields":["coordinate"],"maxNumCoverCells":8,"worstIndexedLevel":4,"bestIndexedLevel":17,"geoJson":false,"unique":false,"sparse":true}],"parameters":{"allowUserKeys":true,"cacheEnabled":false,"cid":"520155","deleted":false,"globallyUniqueId":"h80C0BAB986D7/1052880","id":"520155","isSmart":false,"isSystem":false,"keyOptions":{"allowUserKeys":true,"type":"traditional","lastValue":69123},"name":"property","numberOfShards":1,"planId":"1052880","replicationFactor":1,"shardKeys":["_key"],"shards":{},"status":3,"type":2,"version":7,"waitForSync":false}}