{"type":2300,"data":{"_key":"main_station","_id":"property/main_station","_rev":"_YJOOJCO--B","property_address":{"street_name":"heidelberg hbf","city":"heidelberg","state":"baden-württemberg","country":"germany","pin_code":69123},"coordinate":[49.403409,8.675415]}}
{"type":2300,"data":{"_key":"bus_stop:1","_id":"property/bus_stop:1","_rev":"_YJOOJCO--_","property_address":{"street_name":"kurpfalzring","city":"heidelberg","state":"baden-württemberg","country":"germany","pin_code":69123},"coordinate":[49.413409,8.681415]}}
{"type":2300,"data":{"_key":"tram_station:1","_id":"property/tram_station:1","_rev":"_YJOOJCO--D","property_address":{"street_name":"weiblingen mitte","city":"heidelberg","state":"baden-württemberg","country":"germany","pin_code":69123},"coordinate":[49.414409000000006,8.677415]}}
{"type":2300,"data":{"_key":"tram_station:2","_id":"property/tram_station:2","_rev":"_YJOOJCO--F","property_address":{"street_name":"lugwig guttmann strasse","city":"heidelberg","state":"baden-württemberg","country":"germany","pin_code":69123},"coordinate":[49.397409,8.671415]}}
{"type":2300,"data":{"_key":"bus_stop:2","_id":"property/bus_stop:2","_rev":"_YJOOJCO--L","property_address":{"street_name":"weiblingen mitte","city":"heidelberg","state":"baden-württemberg","country":"germany","pin_code":69123},"coordinate":[49.398409,8.677415]}}
{"type":2300,"data":{"_key":"tourist_spot:2","_id":"property/tourist_spot:2","_rev":"_YJOOJCO--H","property_address":{"street_name":"kurpfalzring","city":"heidelberg","state":"baden-württemberg","country":"germany","pin_code":69123},"coordinate":[49.409409000000004,8.671415]}}
{"type":2300,"data":{"_key":"hospital:1","_id":"property/hospital:1","_rev":"_YJOOJCO--J","property_address":{"street_name":"kurpfalzring","city":"heidelberg","state":"baden-württemberg","country":"germany","pin_code":69123},"coordinate":[49.411409000000006,8.677415]}}
{"type":2300,"data":{"_key":"bus_stop:3","_id":"property/bus_stop:3","_rev":"_YJOOJCO--N","property_address":{"street_name":"maria probst strasse","city":"heidelberg","state":"baden-württemberg","country":"germany","pin_code":69123},"coordinate":[49.413409,8.671415]}}
{"type":2300,"data":{"_key":"super_market:1","_id":"property/super_market:1","_rev":"_YJOOJCO--P","property_address":{"street_name":"lugwig guttmann strasse","city":"heidelberg","state":"baden-württemberg","country":"germany","pin_code":69123},"coordinate":[49.398409,8.675415]}}
{"type":2300,"data":{"_key":"super_market:2","_id":"property/super_market:2","_rev":"_YJOOJCS--_","property_address":{"street_name":"kurpfalzring","city":"heidelberg","state":"baden-württemberg","country":"germany","pin_code":69123},"coordinate":[49.406409000000004,8.668415]}}
{"type":2300,"data":{"_key":"hospital:2","_id":"property/hospital:2","_rev":"_YJOOJCS--F","property_address":{"street_name":"lugwig guttmann strasse","city":"heidelberg","state":"baden-württemberg","country":"germany","pin_code":69123},"coordinate":[49.396409000000006,8.683414999999998]}}
{"type":2300,"data":{"_key":"tourist_spot:1","_id":"property/tourist_spot:1","_rev":"_YJOOJCS--D","property_address":{"street_name":"kurpfalzring","city":"heidelberg","state":"baden-württemberg","country":"germany","pin_code":69123},"coordinate":[49.398409,8.668415]}}
{"type":2300,"data":{"_key":"super_market:4","_id":"property/super_market:4","_rev":"_YJOOJCS--B","property_address":{"street_name":"weiblingen mitte","city":"heidelberg","state":"baden-württemberg","country":"germany","pin_code":69123},"coordinate":[49.415409000000004,8.672414999999999]}}
{"type":2300,"data":{"_key":"hospital:3","_id":"property/hospital:3","_rev":"_YJOOJCS--H","property_address":{"street_name":"maria probst strasse","city":"heidelberg","state":"baden-württemberg","country":"germany","pin_code":69123},"coordinate":[49.418409000000004,8.665415]}}
{"type":2300,"data":{"_key":"police_station:1","_id":"property/police_station:1","_rev":"_YJOOJCS--J","property_address":{"street_name":"lugwig guttmann strasse","city":"heidelberg","state":"baden-württemberg","country":"germany","pin_code":69123},"coordinate":[49.399409000000006,8.672414999999999]}}
{"type":2300,"data":{"_key":"super_market:3","_id":"property/super_market:3","_rev":"_YJOOJCS--L","property_address":{"street_name":"maria probst strasse","city":"heidelberg","state":"baden-württemberg","country":"germany","pin_code":69123},"coordinate":[49.397409,8.665415]}}
{"type":2300,"data":{"_key":"tourist_spot:3","_id":"property/tourist_spot:3","_rev":"_YJOOJCS--N","property_address":{"street_name":"heidelberg hbf","city":"heidelberg","state":"baden-württemberg","country":"germany","pin_code":69123},"coordinate":[49.406409000000004,8.660414999999999]}}
{"type":2300,"data":{"_key":"police_station:2","_id":"property/police_station:2","_rev":"_YJOOJCS--P","property_address":{"street_name":"maria probst strasse","city":"heidelberg","state":"baden-württemberg","country":"germany","pin_code":69123},"coordinate":[49.418409000000004,8.676414999999999]}}
{"type":2300,"data":{"_key":"69123:3","_id":"property/69123:3","_rev":"_YJPBrEe--B","advertise":{"available_from_date":"2019-01-09","available_to_date":"2019-06-09","minimum_duration_of_stay":0,"property_title":"3 bhk","sizeof_property":15,"type_of_deal":"rent"},"amount":{"base_price":500,"deposit_amount":1000,"nebenkosten":100},"property_address":{"city":"Heidelberg","flat_number":"1025","pincode":"69123","street_name":"Mariaprobst Strasse 3"},"property_status":"available","coordinate":[49.42040900000001,8.683414999999998],"stats":{"historical_prices":[{"Date":"2010-12","Price":200},{"Date":"2011-12","Price":250},{"Date":"2012-12","Price":380},{"Date":"2013-12","Price":350},{"Date":"2014-12","Price":370},{"Date":"2015-12","Price":400},{"Date":"2016-12","Price":430},{"Date":"2017-12","Price":450},{"Date":"2018-12","Price":480}],"no_of_views":4},"genre_of_property":"renovated","viewers_user_id":["1187043","1187041","1187044","1187041","1187045"],"sort_priority":{"slot":3,"weight":400}}}
{"type":2300,"data":{"_key":"69123:10","_id":"property/69123:10","_rev":"_YJPBrEe--_","advertise":{"available_from_date":"2019-01-09","available_to_date":"","minimum_duration_of_stay":3,"property_title":"3.5 bhk","sizeof_property":70,"type_of_deal":"rent"},"property_status":"available","property_address":{"city":"Heidelberg","flat_number":"111","pincode":"69123","street_name":"Ludwigg Gutmann Strasse 2"},"amount":{"base_price":500,"deposit_amount":1000,"nebenkosten":100},"coordinate":[49.412409000000004,8.672414999999999],"genre_of_property":"old","viewers_user_id":["1187041","1187045","1187044"],"sort_priority":{"slot":0,"weight":140}}}
{"type":2300,"data":{"_key":"69123:4","_id":"property/69123:4","_rev":"_YJPBrEe--D","advertise":{"available_from_date":"2019-01-09","available_to_date":"","minimum_duration_of_stay":3,"property_title":"1 bhk","sizeof_property":70,"type_of_deal":"sell"},"property_status":"available","property_address":{"city":"Heidelberg","flat_number":"1305","latitude":35.1269874,"longitude":45.34897523,"pincode":"69123","street_name":"Mariaprobst Strasse 3"},"amount":{"base_price":1400},"coordinate":[49.407409,8.679414999999999],"stats":{"historical_prices":[{"Date":"2010-12","Price":200},{"Date":"2011-12","Price":250},{"Date":"2012-12","Price":380},{"Date":"2013-12","Price":350},{"Date":"2014-12","Price":370},{"Date":"2015-12","Price":400},{"Date":"2016-12","Price":430},{"Date":"2017-12","Price":450},{"Date":"2018-12","Price":480}],"no_of_views":3},"genre_of_property":"old","viewers_user_id":["1187043","1187041","1187044"],"sort_priority":{"slot":0,"weight":80}}}
{"type":2300,"data":{"_key":"69123:5","_id":"property/69123:5","_rev":"_YJPBrEe--H","advertise":{"available_from_date":"2019-01-09","available_to_date":"","minimum_duration_of_stay":0,"property_title":"3 bhk","sizeof_property":20,"type_of_deal":"sell"},"property_status":"available","property_address":{"city":"Heidelberg","flat_number":"1205","pincode":"69123","street_name":"Mariaprobst Strasse 3"},"amount":{"base_price":750},"coordinate":[49.411409000000006,8.679414999999999],"stats":{"historical_prices":[{"Date":"2010-12","Price":170},{"Date":"2011-12","Price":180},{"Date":"2012-12","Price":250},{"Date":"2013-12","Price":350},{"Date":"2014-12","Price":370},{"Date":"2015-12","Price":380},{"Date":"2016-12","Price":430},{"Date":"2017-12","Price":450},{"Date":"2018-12","Price":490}],"no_of_views":3},"amenities":{"parking_space":1,"room_heating":0,"water_heating":0},"genre_of_property":"new","viewers_user_id":["1187043","1187041","1187044"],"sort_priority":{"slot":0,"weight":120}}}
{"type":2300,"data":{"_key":"69123:16","_id":"property/69123:16","_rev":"_YJPBrEe--F","property_info":{"advertise":{"property_title":"3.5 bhk","type_of_deal":"rent","minimum_duration_of_stay":3,"available_from_date":"2019-01-09","available_to_date":"2019-04-09","sizeof_property":15},"property_status":"available","property_address":{"street_name":"Mariaprobst Strasse 3","flat_number":"1105","city":"Heidelberg","pincode":"69123","latitude":35.1269874,"longitude":4534897523},"amount":{"base_price":400,"nebenkosten":150,"deposit_amount":700,"cost_per_square_meter":0}},"sort_priority":{"weight":0}}}
{"type":2300,"data":{"_key":"69123:6","_id":"property/69123:6","_rev":"_YJPBrEi--_","advertise":{"available_from_date":"2019-01-09","available_to_date":"","minimum_duration_of_stay":3,"property_title":"3.5 bhk","sizeof_property":60,"type_of_deal":"rent"},"property_status":"available","property_address":{"city":"Heidelberg","flat_number":"1115","latitude":35.1269874,"longitude":4534897523,"pincode":"69123","street_name":"Mariaprobst Strasse 3"},"amount":{"base_price":450,"deposit_amount":1000,"nebenkosten":200},"coordinate":[49.414409000000006,8.679414999999999],"stats":{"historical_prices":[{"Date":"2010-12","Price":50},{"Date":"2011-12","Price":60},{"Date":"2012-12","Price":50},{"Date":"2013-12","Price":150},{"Date":"2014-12","Price":190},{"Date":"2015-12","Price":280},{"Date":"2016-12","Price":330},{"Date":"2017-12","Price":450},{"Date":"2018-12","Price":490}],"no_of_views":1},"genre_of_property":"renovated","viewers_user_id":["1187043","1187041","1187044","1187045"],"sort_priority":{"slot":0,"weight":120}}}
{"type":2300,"data":{"_key":"69123:15","_id":"property/69123:15","_rev":"_YJPBrEe--J","advertise":{"available_from_date":"2019-01-09","available_to_date":"","minimum_duration_of_stay":3,"property_title":"3.5 bhk","type_of_deal":"rent"},"property_status":"available","property_address":{"city":"Heidelberg","flat_number":"1105","latitude":35.1269874,"longitude":45.34897523,"pincode":"69123","street_name":"Mariaprobst Strasse 3"},"amount":{"base_price":287,"deposit_amount":680,"nebenkosten":137},"coordinate":[49.394409,8.683414999999998],"amenities":{"parking_space":1,"room_heating":0,"water_heating":0},"genre_of_property":"renovated","viewers_user_id":["1187043","1187045","1187044"],"sort_priority":{"slot":0,"weight":60}}}
{"type":2300,"data":{"_key":"69123:7","_id":"property/69123:7","_rev":"_YJPBrEi--D","advertise":{"available_from_date":"2019-01-09","available_to_date":"","minimum_duration_of_stay":3,"property_title":"3.5 bhk","type_of_deal":"rent"},"property_status":"available","property_address":{"city":"Heidelberg","flat_number":"1105","latitude":35.1269874,"longitude":4534897523,"pincode":"69123","street_name":"Mariaprobst Strasse 3"},"amount":{"base_price":287,"deposit_amount":680,"nebenkosten":137},"coordinate":[49.411409000000006,8.668415],"stats":{"historical_prices":[{"Date":"2010-12","Price":150},{"Date":"2011-12","Price":160},{"Date":"2012-12","Price":150},{"Date":"2013-12","Price":250},{"Date":"2014-12","Price":290},{"Date":"2015-12","Price":380},{"Date":"2016-12","Price":430},{"Date":"2017-12","Price":550},{"Date":"2018-12","Price":690}],"no_of_views":5},"genre_of_property":"old","viewers_user_id":["1187043","1187041","1187041","1187045"],"sort_priority":{"slot":0,"weight":80}}}
{"type":2300,"data":{"_key":"69123:14","_id":"property/69123:14","_rev":"_YJPBrEi--B","advertise":{"available_from_date":"2019-01-09","available_to_date":"","minimum_duration_of_stay":3,"property_title":"3.5 bhk","type_of_deal":"rent"},"property_status":"available","property_address":{"city":"Heidelberg","flat_number":"1105","latitude":35.1269874,"longitude":4534897523,"pincode":"69123","street_name":"Mariaprobst Strasse 3"},"amount":{"base_price":287,"deposit_amount":680,"nebenkosten":137},"coordinate":[49.394409,8.680415],"genre_of_property":"new","sort_priority":{"slot":0,"weight":20}}}
{"type":2300,"data":{"_key":"69123:8","_id":"property/69123:8","_rev":"_YJPBrEi--F","advertise":{"available_from_date":"2019-01-09","available_to_date":"","minimum_duration_of_stay":3,"property_title":"3.5 bhk","type_of_deal":"rent"},"property_status":"available","property_address":{"city":"Heidelberg","flat_number":"1105","latitude":35.1269874,"longitude":4534897523,"pincode":"69123","street_name":"Mariaprobst Strasse 3"},"amount":{"base_price":287,"deposit_amount":680,"nebenkosten":137},"coordinate":[49.416409,8.668415],"amenities":{"parking_space":1,"room_heating":0,"water_heating":1},"genre_of_property":"new","viewers_user_id":["1187043","1187041","1187045"],"sort_priority":{"slot":0,"weight":80}}}
{"type":2300,"data":{"_key":"69123:9","_id":"property/69123:9","_rev":"_YJPBrEi--H","advertise":{"available_from_date":"2019-01-09","available_to_date":"","minimum_duration_of_stay":3,"property_title":"3.5 bhk","sizeof_property":15,"type_of_deal":"rent"},"property_status":"available","property_address":{"city":"Heidelberg","flat_number":"7005","latitude":35.1269874,"longitude":4534897523,"pincode":"69123","street_name":"Mariaprobst Strasse 3"},"amount":{"base_price":287,"deposit_amount":680,"nebenkosten":137},"coordinate":[49.42040900000001,8.668415],"amenities":{"parking_space":1,"room_heating":1,"water_heating":1},"genre_of_property":"renovated","viewers_user_id":["1187043","1187041","1187044"],"sort_priority":{"slot":0,"weight":60}}}
{"type":2300,"data":{"_key":"69123:11","_id":"property/69123:11","_rev":"_YJPBrEi--L","advertise":{"available_from_date":"2019-01-09","available_to_date":"","minimum_duration_of_stay":3,"property_title":"3.5 bhk","sizeof_property":60,"type_of_deal":"rent"},"property_status":"available","property_address":{"city":"Heidelberg","flat_number":"801","latitude":35.1269874,"longitude":4534897523,"pincode":"69123","street_name":"Bonhoffer Strasse 9"},"amount":{"base_price":400,"deposit_amount":680,"nebenkosten":137},"coordinate":[49.412409000000004,8.668415],"genre_of_property":"new","viewers_user_id":["1187043"],"sort_priority":{"slot":0,"weight":40}}}
{"type":2300,"data":{"_key":"69123:2","_id":"property/69123:2","_rev":"_YJPBrEi--J","advertise":{"available_from_date":"2019-03-09","available_to_date":"","minimum_duration_of_stay":0,"property_title":"2 bhk","sizeof_property":160,"type_of_deal":"sell"},"amount":{"base_price":1600},"property_address":{"city":"Heidelberg","flat_number":"1005","latitude":35.1269874,"longitude":45.34897523,"pincode":"69123","street_name":"Mariaprobst Strasse 5"},"property_status":"available","coordinate":[49.452826409000004,8.684098415],"stats":{"historical_prices":[{"Date":"2010-12","Price":200},{"Date":"2011-12","Price":250},{"Date":"2012-12","Price":380},{"Date":"2013-12","Price":350},{"Date":"2014-12","Price":370},{"Date":"2015-12","Price":400},{"Date":"2016-12","Price":430},{"Date":"2017-12","Price":450},{"Date":"2018-12","Price":480}],"no_of_views":2},"amenities":{"parking_space":1,"room_heating":0,"water_heating":0},"genre_of_property":"new","viewers_user_id":["1187043","1187041","1187044","1187041","1187045"],"sort_priority":{"slot":2,"weight":320}}}
{"type":2300,"data":{"_key":"69123:12","_id":"property/69123:12","_rev":"_YJPBrEm--_","advertise":{"available_from_date":"2019-01-09","available_to_date":"","minimum_duration_of_stay":3,"property_title":"3.5 bhk","sizeof_property":45,"type_of_deal":"sell"},"property_status":"available","property_address":{"city":"Heidelberg","flat_number":"701","latitude":35.1269874,"longitude":45.34897523,"pincode":"69123","street_name":"Bonhoffer Strasse 9"},"amount":{"base_price":950},"coordinate":[49.412409000000004,8.664415],"amenities":{"parking_space":0,"room_heating":1,"water_heating":1},"genre_of_property":"renovated","sort_priority":{"slot":0,"weight":40}}}
{"type":2300,"data":{"_key":"69123:1","_id":"property/69123:1","_rev":"_YJPBrEi--N","advertise":{"available_from_date":"2019-01-09","available_to_date":"2019-04-09","minimum_duration_of_stay":3,"property_title":"3.5 bhk","sizeof_property":15,"type_of_deal":"rent"},"amount":{"base_price":400,"deposit_amount":700,"nebenkosten":150},"property_address":{"city":"Heidelberg","flat_number":"1105","pincode":"69123","street_name":"Mariaprobst Strasse 3"},"property_status":"available","coordinate":[49.452823409000004,8.684098415],"stats":{"historical_prices":[{"Date":"2010-12","Price":200},{"Date":"2011-12","Price":250},{"Date":"2012-12","Price":380},{"Date":"2013-12","Price":350},{"Date":"2014-12","Price":370},{"Date":"2015-12","Price":400},{"Date":"2016-12","Price":430},{"Date":"2017-12","Price":450},{"Date":"2018-12","Price":480}],"no_of_views":2},"amenities":{"parking_space":0,"room_heating":1,"water_heating":1},"genre_of_property":"old","viewers_user_id":["1187043","1187041","1187044","1187041","1187045"],"sort_priority":{"slot":1,"weight":260}}}
{"type":2300,"data":{"_key":"69123:13","_id":"property/69123:13","_rev":"_YJPBrEm--B","advertise":{"available_from_date":"2019-01-09","available_to_date":"","minimum_duration_of_stay":3,"property_title":"3.5 bhk","type_of_deal":"rent"},"property_status":"available","property_address":{"city":"Heidelberg","flat_number":"1105","latitude":35.1269874,"longitude":4534897523,"pincode":"69123","street_name":"Mariaprobst Strasse 3"},"amount":{"base_price":287,"deposit_amount":680,"nebenkosten":137},"coordinate":[49.394409,8.677415],"genre_of_property":"old","viewers_user_id":["1187043","1187041","1187044"],"sort_priority":{"slot":0,"weight":80}}}
{"type":2300,"data":{"_key":"69123","_id":"property/69123","_rev":"_YJPBrEm--D","sort_priority":{"weight":0}}}
