{"type":2300,"data":{"_key":"504359","_id":"recommend/504359","_from":"User/1187045","_to":"User/1187044","_rev":"_YJO6cIi--P","recommended_property":"property/69123:14"}}
{"type":2300,"data":{"_key":"504351","_id":"recommend/504351","_from":"User/1187042","_to":"User/1187044","_rev":"_YJO6cIi--_","recommended_property":"property/69123:8"}}
{"type":2300,"data":{"_key":"504353","_id":"recommend/504353","_from":"User/1187043","_to":"User/1187045","_rev":"_YJO6cIi--D","recommended_property":"property/69123:8"}}
{"type":2300,"data":{"_key":"504355","_id":"recommend/504355","_from":"User/1187041","_to":"User/1187045","_rev":"_YJO6cIi--H","recommended_property":"property/69123:10"}}
{"type":2300,"data":{"_key":"504357","_id":"recommend/504357","_from":"User/1187041","_to":"User/1187042","_rev":"_YJO6cIi--L","recommended_property":"property/69123:11"}}
{"type":2300,"data":{"_key":"504361","_id":"recommend/504361","_from":"User/1187041","_to":"User/1187044","_rev":"_YJO6cIi--T","recommended_property":"property/69123:4"}}
{"type":2300,"data":{"_key":"504363","_id":"recommend/504363","_from":"User/1187042","_to":"User/1187045","_rev":"_YJO6cIm--B","recommended_property":"property/69123:11"}}
{"type":2300,"data":{"_key":"504365","_id":"recommend/504365","_from":"User/1187041","_to":"User/1187043","_rev":"_YJO6cIm--F","recommended_property":"property/69123:5"}}
