{"type":2300,"data":{"_key":"1188428","_id":"shortlist/1188428","_from":"User/1187045","_to":"property/69123:2","_rev":"_YI9aZnC--_","type":"shortlist"}}
{"type":2300,"data":{"_key":"1188436","_id":"shortlist/1188436","_from":"User/1187044","_to":"property/69123:10","_rev":"_YJOxqJW--_","type":"shortlist"}}
{"type":2300,"data":{"_key":"1188429","_id":"shortlist/1188429","_from":"User/1187042","_to":"property/69123:4","_rev":"_YI9aZpa--_","type":"shortlist"}}
{"type":2300,"data":{"_key":"1188430","_id":"shortlist/1188430","_from":"User/1187045","_to":"property/69123:6","_rev":"_YI9aZrG--_","type":"shortlist"}}
{"type":2300,"data":{"_key":"1188431","_id":"shortlist/1188431","_from":"User/1187042","_to":"property/69123:8","_rev":"_YI9aZrG--B","type":"shortlist"}}
{"type":2300,"data":{"_key":"1188432","_id":"shortlist/1188432","_from":"User/1187045","_to":"property/69123:1","_rev":"_YI9aZs2--_","type":"shortlist"}}
{"type":2300,"data":{"_key":"1188433","_id":"shortlist/1188433","_from":"User/1187044","_to":"property/69123:1","_rev":"_YI9aZu---_","type":"shortlist"}}
{"type":2300,"data":{"_key":"1188434","_id":"shortlist/1188434","_from":"User/1187045","_to":"property/69123:5","_rev":"_YI9aZuC--_","type":"shortlist"}}
{"type":2300,"data":{"_key":"1188435","_id":"shortlist/1188435","_from":"User/1187044","_to":"property/69123:5","_rev":"_YI9aZuC--B","type":"shortlist"}}
{"type":2300,"data":{"_key":"1188437","_id":"shortlist/1188437","_from":"User/1187044","_to":"property/69123:11","_rev":"_YJOxqJW--B","type":"shortlist"}}
{"type":2300,"data":{"_key":"1188438","_id":"shortlist/1188438","_from":"User/1187042","_to":"property/69123:10","_rev":"_YJOxqJa--_","type":"shortlist"}}
{"type":2300,"data":{"_key":"1188439","_id":"shortlist/1188439","_from":"User/1187042","_to":"property/69123:12","_rev":"_YJOxqJa--B","type":"shortlist"}}
{"type":2300,"data":{"_key":"1188440","_id":"shortlist/1188440","_from":"User/1187041","_to":"property/69123:5","_rev":"_YJOxqJa--D","type":"shortlist"}}
{"type":2300,"data":{"_key":"1188441","_id":"shortlist/1188441","_from":"User/1187041","_to":"property/69123:6","_rev":"_YJOxqJa--F","type":"shortlist"}}
{"type":2300,"data":{"_key":"1188442","_id":"shortlist/1188442","_from":"User/1187041","_to":"property/69123:10","_rev":"_YJOxqJa--H","type":"shortlist"}}
{"type":2300,"data":{"_key":"1188443","_id":"shortlist/1188443","_from":"User/1187041","_to":"property/69123:14","_rev":"_YJOxqJa--J","type":"shortlist"}}
{"type":2300,"data":{"_key":"1188444","_id":"shortlist/1188444","_from":"User/1187043","_to":"property/69123:1","_rev":"_YJOxqJa--L","type":"shortlist"}}
{"type":2300,"data":{"_key":"1188445","_id":"shortlist/1188445","_from":"User/1187043","_to":"property/69123:10","_rev":"_YJOxqJa--N","type":"shortlist"}}
{"type":2300,"data":{"_key":"1188446","_id":"shortlist/1188446","_from":"User/1187043","_to":"property/69123:12","_rev":"_YJOxqJa--P","type":"shortlist"}}
{"type":2300,"data":{"_key":"1188447","_id":"shortlist/1188447","_from":"User/1187043","_to":"property/69123:13","_rev":"_YJOxqJa--R","type":"shortlist"}}
