{"type":2300,"data":{"_key":"1187041","_id":"User/1187041","_rev":"_YI89inS--_","user_info":{"first_name":"andreas","last_name":"weidmann"},"contact":{"email":"weidmann@fitcore.com","phone":"+49 179 45530777","address":{"pin_code":69123,"city":"heidelberg","state":"baden-württemberg","country":"germany"}},"personal_details":{"gender":"male"},"type_of_membership":"premium"}}
{"type":2300,"data":{"_key":"1187042","_id":"User/1187042","_rev":"_YI89inS--B","user_info":{"first_name":"sanket","last_name":"nipane"},"contact":{"email":"nipane@gmail.com","phone":"+49 179 4523450777","address":{"pin_code":80331,"city":"munich","state":"bavaria","country":"germany"}},"personal_details":{"gender":"male"},"type_of_membership":"normal"}}
{"type":2300,"data":{"_key":"1187043","_id":"User/1187043","_rev":"_YI89inS--D","user_info":{"first_name":"nikhil","last_name":"gaikwad"},"contact":{"email":"niki@gmail.com","phone":"+49 176 127427944","address":{"pin_code":68535,"city":"edingen","state":"baden-württemberg","country":"germany"}},"personal_details":{"gender":"female"},"type_of_membership":"normal"}}
{"type":2300,"data":{"_key":"1187044","_id":"User/1187044","_rev":"_YI89inS--F","user_info":{"first_name":"paneesh","last_name":"prabhuraj"},"contact":{"email":"paneesh@gmail.com","phone":"+49 176 452323568","address":{"pin_code":60306,"city":"frankfurt","state":"hesse","country":"germany"}},"personal_details":{"gender":"female"},"type_of_membership":"normal"}}
{"type":2300,"data":{"_key":"1187045","_id":"User/1187045","_rev":"_YJ6-eZS--_","user_info":{"first_name":"ashish","last_name":"chauhan"},"contact":{"email":"ashsish@gmail.com","phone":"+49 176 993726144","address":{"pin_code":69123,"city":"heidelberg","state":"baden-württemberg","country":"germany"}},"personal_details":{"gender":"male"},"type_of_membership":"premium"}}
